Term,Standard Definition,Simple Definition,Funny Definition
1031 Tax Deferred Exchange,"A provision in the IRS code that allows investors to defer paying capital gains taxes on investment properties when they are sold, as long as another 'like-kind' property is purchased with the profit gained.","Like swapping one toy for another without paying for it right away, this lets you switch properties without the taxman taking a cut right away.",The real estate swap meet where Uncle Sam waits for his cut.
Abstract of Title,"A summarized history of the title to a property, including all transfers, conveyances, legal proceedings, and any other encumbrances affecting the property.",It's like the CliffsNotes for a property's past owners and any drama it's been through.,The property's juicy diary of all past owners and their antics.
Acceleration Clause,A clause in a mortgage or loan contract that allows the lender to demand full repayment of the loan if the borrower defaults or violates terms of the contract.,"If you break the rules, the bank can ask for all their money back right now.","The mortgage's 'you messed up, pay up' clause."
Accession,The legal principle that allows the owner of property to become the owner of additions or improvements to that property.,"If you build a treehouse in your yard, it's yours because it’s on your land.",The magic treehouse law.
Acknowledgement,"A formal declaration before a notary public or other authorized officer, affirming that the signing of a document is a voluntary act.",It’s like getting a document notarized to prove you signed it on purpose.,The document’s selfie to prove you signed it.
Actual Authority,"Authority given to an agent explicitly through written or spoken words, allowing them to act on behalf of the principal.","It’s the official 'Go ahead, you can do this for me' from the boss.",The boss’s official permission slip.
Actual Fraud,"Intentional misrepresentation or concealment of an important fact to deceive another party, leading to harm.",It's like lying about a car being in great shape when it's actually a junker.,"The ‘I swear, it’s not a lemon’ lie."
Actual Notice,Knowledge that a person has actually gained or has been directly given about a legal matter.,"When you get a letter saying you need to appear in court, that’s actual notice.",The court's way of saying ‘You’ve got mail!’
Ad Valorem,A tax based on the assessed value of real estate or personal property.,It’s like a property tax bill that depends on how much your house is worth.,The taxman’s property bill.
Adjoining Landowner,The owner of land that shares a common boundary with another parcel of land.,Your next-door neighbor in property terms.,Your friendly neighborhood land buddy.
Adjustable Rate Mortgage (ARM),A mortgage with an interest rate that can change periodically based on the performance of a specific index.,"A loan where the interest rate can go up or down, like a rollercoaster for your mortgage payments.",The mortgage rollercoaster ride.
Adverse Possession,"A legal doctrine that allows a person to claim ownership of land under certain conditions, such as continuous possession without permission over a statutory period.","If you camp out on someone’s land long enough without them kicking you off, you might get to keep it.",The ‘finders keepers’ law for land.
Agency,A relationship in which one party (agent) acts on behalf of another party (principal).,Like hiring someone to sell your house for you.,The ‘house-selling sidekick’ service.
Agency Disclosure Statement,"A document that clarifies the role of a real estate agent in a transaction, specifying whom they represent.",The paper that tells you if your agent is on your side or the other guy's.,The agent’s alliance declaration.
Agent,A person authorized to act on behalf of another in business or legal matters.,Your real estate sidekick who handles the tough stuff.,Your business buddy with legal power.
Alienation Clause,A provision in a mortgage that allows the lender to demand full repayment if the property is sold or transferred.,"If you sell your house, you’ve got to pay off the mortgage right away.","The mortgage's 'you sell, you pay' clause."
Alienation of Title,The act of transferring ownership of property from one party to another.,Passing the deed of your house to someone else.,The property’s hand-me-down process.
Amenities,"Features or services of a property that provide comfort, convenience, or pleasure.",The cool extras like a pool or gym in a building.,The fancy stuff that makes a place cool.
Americans with Disabilities Act,A civil rights law that prohibits discrimination based on disability and mandates accessibility requirements in public spaces.,"The law that makes sure buildings are accessible for everyone, like having ramps and elevators.","The law that makes sure buildings are accessible for everyone, like having ramps and elevators."
Amortization,The process of gradually paying off a debt over time through regular payments of principal and interest.,"Paying off your mortgage bit by bit, like chipping away at a big rock.",Chipping away at your debt mountain bit by bit.
Amortization Tables,"Charts that detail each periodic payment on a loan over time, showing the amounts going toward principal and interest.",The spreadsheet that tells you how much of your payment goes to the loan and how much to interest.,The payment breakdown cheat sheet.
Annual Percentage Rate (APR),"The yearly interest rate charged on borrowed money, expressed as a percentage of the amount borrowed.","The true cost of your loan each year, including fees.",The real cost of borrowing money each year.
Antitrust Laws,Regulations that promote competition and prevent unfair business practices like monopolies or price fixing.,Rules that keep businesses from being bullies or teaming up to cheat customers.,The business playground rules – play fair!
Appraisal,"An unbiased professional opinion of a property's value, typically used in the mortgage lending process.",An expert’s guess at how much your house is worth.,The property’s value guesstimator.
Appraiser,A licensed professional who estimates the value of real property.,The person who tells you what your house is worth.,The value guesser for your property.
Appurtenant,"A right or restriction that is attached to a property, such as an easement or covenant.","Extras that come with the property, like the right to use a shared driveway.",The extra goodies that come with the property.
Appurtenant Easement,"A type of easement that benefits a particular parcel of land, known as the dominant tenement.",The right to cross your neighbor’s yard to get to your house.,The shortcut permission across your neighbor’s yard.
Assessed Value,The value assigned to a property by a public tax assessor for the purpose of taxation.,The value your town uses to figure out how much property tax you owe.,The taxman's property value guess.
Assignment,The transfer of rights or interests in a property or contract from one party to another.,Handing off your lease or loan to someone else.,Passing your lease baton to someone else.
Assignment of Rents,A provision in a mortgage or deed of trust that allows the lender to collect rents directly from tenants if the borrower defaults.,"If you don’t pay your mortgage, the bank can collect your tenants' rent instead of you.",The bank's rental collection fallback.
Assumption of Mortgage,An agreement in which a buyer takes over the seller's existing mortgage and becomes responsible for its repayment.,Taking over someone else’s home loan when you buy their house.,Taking over the loan baton in the home relay race.
Assumable Loan,"A mortgage that can be transferred from the seller to the buyer, who then takes over the remaining loan payments.",A loan you can pass on to the new owner of the house.,The hand-me-down loan for the new house owner.
Avulsion,"The sudden and significant loss or addition of land due to natural forces, such as a river changing its course.",When a chunk of your land suddenly disappears or shows up because of nature.,When Mother Nature plays Jenga with your land.
Backup Offer,An offer made on a property that becomes active if the primary offer falls through.,The second in line buyer if the first deal doesn’t work out.,The backup plan for buying a house.
Balloon Loan,"A mortgage that requires a large payment at the end of the loan term, after a series of smaller periodic payments.","A loan with small payments now but a big one at the end, like a balloon waiting to pop.",The loan that ends with a big surprise payment.
Balloon Payment,"A large, final payment on a loan that is much larger than the preceding regular payments.",The big lump sum you owe at the end of a balloon loan.,The final whopper payment on your loan.
Base Line,A principal east-west line used in the government survey system to define townships.,The starting line for mapping out land in the government survey system.,The surveyor's starting point for land maps.
Benchmark,A fixed reference point used in land surveying to establish elevations and positions.,The reliable spot surveyors use to measure everything else from.,The go-to point for measuring land.
Beneficiary,"The person or entity that receives the benefits from a trust, will, or life insurance policy.",The person who benefits from a trust or will.,The lucky recipient of a trust or will.
Bill of Sale,A document that transfers ownership of personal property from one party to another.,The receipt for personal property being sold.,The ownership transfer receipt for personal items.
Bilateral Contract,A mutual agreement between two parties where each agrees to perform certain actions.,An agreement where both sides make promises.,A handshake deal where both sides promise.
Blanket Mortgage,A mortgage that covers more than one piece of real estate.,A mortgage covering multiple properties.,A mortgage with a blanket over many properties.
Blockbusting,The illegal practice of encouraging homeowners to sell their properties by suggesting that the ethnic or racial composition of the neighborhood is changing and will decrease property values.,Convincing homeowners to sell by saying new neighbors will lower property values.,The scare tactic to get homeowners to sell.
Boot,Additional cash or other property added to an exchange to make the value of traded items equal.,Extra value or cash in a property exchange.,The bonus cash or property in a trade.
Building Codes,Regulations established by local governments to ensure the safety and health of buildings and structures.,Local rules to make sure buildings are safe.,The safety rules for buildings.
Bundle of Rights,"The collection of legal rights that come with owning property, including the rights to use, sell, lease, and enjoy the property.",All the legal rights that come with owning property.,The ownership rights goodie bag.
Buydown,"A financing technique where the buyer, seller, or lender pays an amount to reduce the interest rate on a mortgage for the initial years.",Paying extra upfront to get a lower interest rate.,The upfront payment for a sweeter mortgage deal.
"CC&Rs (Covenants, Conditions, and Restrictions)",Rules and limitations placed on property use by a homeowners' association or developer.,Rules about how you can use your property in a neighborhood.,The neighborhood rules for property use.
Capital Gains,"The profit earned from the sale of an asset, such as real estate, that is greater than its purchase price.",The profit you make from selling property for more than you paid.,The money you make when selling property for more.
Capitalization Rate,A rate of return on a real estate investment property based on the income that the property is expected to generate.,The return rate on an investment property.,The property's money-making percentage.
Caveat Emptor,"A Latin phrase meaning 'let the buyer beware,' indicating that the buyer assumes the risk in a transaction.",The rule that says the buyer is responsible for checking property quality.,The buyer's lookout rule – check before buying.
Certificate of Reasonable Value (CRV),A document issued by the VA establishing the maximum value and loan amount for a VA-backed mortgage.,The VA's document showing how much they will back for a loan.,The VA's loan backing promise note.
Chain of Title,The history of all the documents affecting ownership of a parcel of land.,The record of all past property owners and issues.,The property's owner history and drama.
Chattel Real,"An interest in real property that is less than a freehold estate, such as a lease.","Property interest less than full ownership, like a lease.",The not-quite-full-ownership property interest.
Closed-End Loan,A loan that is not subject to future advances by the lender and is for a specific amount and term.,"A loan with a fixed amount and term, no more money can be borrowed.",A fixed loan with no extra borrowing allowed.
Cloud on Title,Any defect or encumbrance on the title to real property that may impair its marketability.,Any issue with a property's title that makes it less marketable.,The title's hidden skeletons.
Closing Costs,Fees and expenses payable by the buyer and seller at the closing of a real estate transaction.,The costs paid at the end of a real estate transaction.,The bill at the end of a property deal.
Closing Disclosure (CD),"A form that provides the final details about the mortgage loan, including loan terms, projected monthly payments, and closing costs.",The document showing all final loan details and costs.,The final loan detail sheet.
Co-Borrower,A person who signs a mortgage loan with another person and is equally responsible for the debt.,A person who shares responsibility for repaying a loan.,The loan responsibility sharer.
Commingling,The illegal practice of mixing personal funds with a client's funds.,Mixing your money with a client’s money – a big no-no.,The money-mixing mess-up.
Commercial Acre,"A portion of an acre, usually considered suitable for commercial development, excluding areas for streets, sidewalks, etc.","A piece of land ready for commercial use, minus the spaces for streets and sidewalks.",The commercial land minus the street bits.
Competent or Capable Parties,Individuals or entities that have the legal capacity to enter into a contract.,People who can legally make a contract.,The legal contract-making crew.
Concurrent Estate,A property owned by two or more parties at the same time.,A property shared by two or more owners.,The shared property squad.
Conforming Loan,A mortgage loan that meets the guidelines established by Fannie Mae and Freddie Mac.,A mortgage that fits Fannie Mae and Freddie Mac rules.,The Fannie and Freddie friendly mortgage.
Condemnation,The process by which the government exercises its power of eminent domain to acquire private property for public use.,"The government taking private property for public use, with payment.",The government’s property grab with compensation.
Construction-to-Permanent Loan,"A short-term loan used to pay for the construction of a building, which then becomes a permanent mortgage once construction is complete.",A loan to build a house that turns into a mortgage once the house is done.,The build-now-pay-later house loan.
Constructive Eviction,"When a landlord's actions or failure to act makes the property uninhabitable, forcing the tenant to leave.",When a landlord makes a place so bad the tenant has to leave.,The landlord’s eviction-by-neglect trick.
Constructive Fraud,Deception that is implied or inferred from one's conduct rather than from direct statements.,Tricking someone without directly lying.,The sneaky conduct trick.
Constructive Notice,Legal fiction that signifies that a person should have known a fact because it was publicly available.,When you should know something because it's public info.,The public info you should’ve known.
Consumer Financial Protection Bureau (CFPB),A regulatory agency that ensures consumer protection in the financial sector.,The agency that protects consumers in finance.,The financial watchdog for consumers.
Contingencies,Provisions in a contract that must be met for the contract to be enforceable.,Conditions that must be met for a contract to work.,The contract condition checklist.
Contour Map,A map that shows the elevation of an area using contour lines.,A map showing land elevation with lines.,The land's wavy lines map.
Contract for Deed,An agreement for the sale of property where the seller retains title until the buyer completes payment.,A sale where the seller keeps the title until the buyer pays in full.,The layaway property deal.
Contract Rent,The rent that a property could command in the open market.,The rent a property can get on the market.,The market-rate rent deal.
Conventional Loan,A loan not guaranteed or insured by a government agency.,A regular loan without government backing.,The plain vanilla loan.
Conveyance,The transfer of property from one person to another.,Transferring property from one person to another.,The property handover act.
Cooperative,A type of ownership in which residents have shares in a corporation that owns the property and have the right to occupy a specific unit.,Owning a share in a building and living in one of its units.,The building share-and-live plan.
Counteroffer,"A new offer made in response to an original offer, modifying its terms.",Changing the terms of an original offer.,The offer remix.
Credit,An agreement where one party lends money or resources to another party with the expectation of repayment.,Lending money or resources expecting repayment.,The repay-or-return deal.
Debt Service,"The cost of paying off a debt, including principal and interest payments.","The cost of paying off a loan, including interest.",The loan payment package.
Debit,An entry recording an amount owed.,An entry showing you owe money.,The ‘you owe’ note.
Deed,A legal document that transfers ownership of real property.,A document that transfers property ownership.,The property handoff paper.
Deed in Lieu of Foreclosure,A deed where the borrower conveys all interest in the property to the lender to satisfy a loan that is in default and avoid foreclosure proceedings.,Giving the house to the bank to avoid foreclosure.,The house handover to dodge foreclosure.
Defeasance Clause,A clause in a mortgage that voids the mortgage upon the borrower repaying the loan.,A mortgage term that ends when you pay off the loan.,The mortgage’s ‘loan’s over’ clause.
Deficiency Judgment,A judgment against a borrower for the remaining balance on a loan if the sale of the property does not cover the outstanding debt.,The bank's claim for money if selling your house doesn’t cover your debt.,The bank’s ‘you still owe us’ note.
Determinable Fee Estate,A type of fee simple estate where the property's ownership is dependent on a specific condition being met or not met.,Owning property as long as a condition is met.,The ‘as long as’ property deal.
Devise,A gift of real property through a will.,Giving real estate through a will.,Willing your house away.
Dominant Tenement,The property that benefits from an easement.,The land that gets to use the easement.,The lucky land with easement rights.
Down Zoning,A change in zoning to a less dense use or lower density.,Changing zoning to allow fewer homes or businesses.,Zoning change to slow things down.
Dual Agent,A real estate agent who represents both the buyer and the seller in the same transaction.,An agent who works for both the buyer and seller.,The double-duty agent.
Duress,Compulsion by threat or force; coercion.,Forcing someone to do something by threat.,The ‘do it or else’ force.
Easement,A right to cross or otherwise use someone else's land for a specified purpose.,The right to use someone else’s land.,Borrowing land rights.
Easement by Necessity,An easement that allows access to a property because it is landlocked and has no other access.,Access granted to landlocked property.,Easement for the landlocked loner.
Easement by Prescription,A right to use another's property that is acquired by continuous use over a period of time.,Right to use someone’s property gained by long-term use.,The long-term use land pass.
Easement in Gross,"An easement that benefits a person or entity, rather than a parcel of land.",An easement that benefits an individual or company.,"Easement for the person, not the land."
Economic Rent,The rent a property can generate in the open market.,The rent a property can earn.,The property’s earning power.
Effective Age,"The age of a property based on its condition, rather than its actual age.",How old a property seems based on its condition.,The house’s ‘feels like’ age.
Effective Interest Rate,The interest rate on a loan taking into account the effect of compounding over time.,"The true interest rate over time, including compounding.",The interest rate’s true face.
Emblements,Crops or other products from the land that are considered personal property.,Crops considered personal property.,Farm stuff that’s personal property.
Eminent Domain,"The right of the government to take private property for public use, with payment of compensation.",Government's right to take property for public use with payment.,Government’s ‘we need this land’ right.
Encroachment,A structure or improvement that illegally intrudes on another's property.,Building that intrudes on another's land.,The boundary-busting building.
Encumbrance,Any claim or lien on a property that may decrease its value.,A claim or lien on property.,The property’s baggage.
Enforceable Contract,A contract that can be legally upheld by the court.,A contract that the court can enforce.,The court-approved contract.
Environmental Impact Report (EIR),A study to assess the potential effects of a proposed project on the environment.,A report on how a project will affect the environment.,The project’s eco-impact study.
Equitable Title,The interest held by a buyer under a contract for deed or an installment contract.,The buyer's interest in a property under contract.,The buyer’s property promise.
Equity,"The value of an ownership interest in property, calculated as the difference between the property's value and the amount owed on it.",Property value minus what you owe on it.,The property’s leftover value.
Equity of Redemption,The right of a property owner to reclaim property before it is sold through foreclosure.,Owner's right to reclaim property before foreclosure sale.,The ‘get it back’ right before foreclosure.
Escheat,The reversion of property to the state when there are no heirs or claimants.,Property goes to the state if no heirs.,Orphaned property’s state inheritance.
Escrow,A financial arrangement where a third party holds funds or documents until specified conditions are met.,Third party holds funds/documents until conditions are met.,The conditional money babysitter.
Escalation Clause,A clause in a lease that allows for the adjustment of rent based on changes in costs or other factors.,Rent changes based on costs or other factors.,The rent’s up-down clause.
Essential Elements of Value,"The elements necessary for a property to have value: demand, utility, scarcity, and transferability.","What makes property valuable: demand, utility, scarcity, and transferability.","The VIPs of property value: demand, utility, scarcity, and transferability."
Estoppel,A legal principle that prevents someone from arguing something contrary to a claim made or implied by their previous actions or statements.,Stopping someone from going back on their word or actions.,The ‘no take-backs’ rule.
Estoppel Certificate,A document used to confirm certain facts that are true to the best of the signer's knowledge.,A paper confirming certain facts are true.,The ‘I swear this is true’ paper.
Estate at Sufferance,"An estate in which a tenant remains in possession of property after the lease has expired, without the landlord's consent.",When a tenant stays after the lease ends without permission.,The squatter tenant who overstays.
Estate at Will,An estate in which the tenant or the landlord can terminate the lease at any time with proper notice.,A lease that can be ended at any time by tenant or landlord.,The on-call lease – end anytime.
Estate for Years,A leasehold estate set to last for a specific period.,A lease for a specific time period.,The time-ticking lease.
Estate in Severalty,Ownership of property by one person or a single legal entity.,Owning property alone.,The solo property owner.
Exclusive Agency Listing,A listing agreement where the owner retains the right to sell the property themselves without paying a commission to the listing agent.,Owner can sell property themselves without paying commission.,The sell-it-yourself deal.
Exclusive Authorization and Right to Sell Listing,"A listing agreement granting the agent exclusive rights to sell the property and earn a commission if the property is sold, regardless of who sells it.",Agent gets commission no matter who sells the property.,The agent's sure-thing commission.
Exclusive Listing,"A listing agreement where one broker is authorized to act as the exclusive agent for the seller, but the seller retains the right to sell the property themselves.","Only one agent can sell, but the owner can also sell it.","The solo agent, but owner can sell too."
Executed Contract,A contract in which all terms and conditions have been fully performed.,A fully completed contract.,The all-done deal.
Executory Contract,A contract in which some terms and conditions remain to be carried out.,A contract with some actions still needed.,The not-yet-done deal.
Extended Policy of Title Insurance,An insurance policy that covers additional risks beyond the standard policy.,Title insurance covering extra risks.,Title insurance plus extras.
Fair Housing Laws,"Laws that prohibit discrimination in housing based on race, color, religion, sex, national origin, familial status, or disability.",Laws against discrimination in housing.,The no-housing-bias laws.
Fair Market Value (FMV),The price a property would sell for in an open market under normal conditions.,The price a property should sell for in a normal market.,The property’s fair price tag.
Federal Housing Administration (FHA),A government agency that provides mortgage insurance on loans made by FHA-approved lenders.,Agency providing mortgage insurance.,The mortgage insurance helper.
Fee Appraiser,A professional who estimates the value of property for a fee.,Someone who appraises property value for a fee.,The value guesser for hire.
Fee Simple Defeasible,A type of ownership in which the property can be lost if a specific condition occurs or fails to occur.,Property ownership with conditions.,"The ‘if condition, then ownership’ rule."
Fee Simple Estate,"The greatest interest in a parcel of land, entitling the owner to use the property in any way that is legal.",Full ownership of land.,The ultimate land boss.
Fee Tail,An estate where inheritance is limited to lineal descendants.,Estate passed only to direct descendants.,The descendants-only estate.
Fiduciary,A person who holds a legal or ethical relationship of trust with one or more other parties.,A trusted person in a legal relationship.,The trust-holding hero.
Fixture,An item that was once personal property but has been attached to and becomes part of the real property.,Personal property attached to real property.,The attachment that’s now part of the house.
Floodplain,"An area of low-lying ground adjacent to a river, prone to flooding.","Low ground near a river, prone to flooding.",The flood-ready zone.
Foreclosure,"The legal process by which a lender takes control of a property, evicts the homeowner, and sells the home after the homeowner is unable to make full principal and interest payments on their mortgage.",Lender takes back the house after missed payments.,The house repossession process.
Freehold Estate,An estate in land in which ownership is for an indeterminate length of time.,Ownership for an indefinite time.,The forever ownership.
Frontage,"The length of a property that abuts a street, river, or other feature.",Property's length along a street or river.,The side length of the property.
Functional Obsolescence,A loss in value due to a property's features being outdated or less desirable.,When a house loses value because it’s outdated.,When your house feels like an old flip phone.
General Agent,An agent authorized to handle all of the principal's affairs in a certain area.,An agent who handles all matters for the principal in a certain area.,The principal’s all-in-one agent.
General Lien,A lien that attaches to all property owned by a debtor.,A lien against all of a debtor’s property.,The ‘take everything’ lien.
General Warranty Deed,A deed in which the grantor fully warrants good clear title to the premises.,A deed guaranteeing the property title is clear.,The ‘no surprise claims’ deed.
Gift Deed,A deed that transfers property out of affection and without consideration.,A deed transferring property as a gift.,"The ‘I love you, here’s a house’ deed."
Government National Mortgage Association (GNMA),A government corporation that provides liquidity to the mortgage market by guaranteeing mortgage-backed securities.,An agency that guarantees mortgage-backed securities.,The mortgage market’s liquidity helper.
Government Powers,"The powers held by the government to regulate land use, enforce laws, levy taxes, and seize property.",Government’s land use and property rights.,The government’s land power pack.
Graduated Payment Adjustable Mortgage (GPAM),A mortgage with payments that increase gradually for a set period and then level off.,A mortgage with rising payments that level off.,The mortgage with a payment growth spurt.
Graduated Payment Mortgage,A mortgage with lower initial payments that gradually increase over time.,A mortgage starting with low payments that increase.,The mortgage with a rising payment ramp.
Grandfather Clause,A provision that allows an old rule to continue to apply to some existing situations while a new rule will apply to all future cases.,A rule that lets old conditions continue while new ones apply going forward.,The ‘old rule stays’ clause.
Grant Deed,A deed that conveys ownership of real property from a grantor to a grantee.,A deed transferring property ownership.,The property handover paper.
Gross Lease,A lease where the tenant pays a fixed rent and the landlord covers all property charges.,A lease with a fixed rent; landlord pays property charges.,The ‘landlord pays all’ lease.
Gross Rent Multipliers,A ratio used to estimate the value of an income-producing property.,A ratio to estimate value of income property.,The income property’s value guesser.
Highest and Best Use,The most profitable legal use of a property.,The best and most profitable use of property.,The property’s best moneymaker role.
Holographic Will,A will written entirely by the testator in his or her own handwriting.,A will written by hand by the person making it.,The handwritten goodbye note.
Holder in Due Course,A party who acquires a negotiable instrument in good faith and has certain protections.,Someone who acquires a negotiable instrument honestly.,The honest negotiable instrument holder.
Hold Harmless Clause,A clause in a contract that exempts a party from liability for certain events.,A contract clause exempting liability for certain events.,The ‘not my fault’ contract clause.
Homestead Exemption,A legal exemption that protects a portion of a homeowner's equity from creditors.,Protection of home equity from creditors.,The home equity shield.
Housing Ratio,The ratio of housing expenses to before-tax income.,Ratio of housing costs to income.,The housing cost crunch number.
Hypothecate,To pledge property as security for a loan without giving up possession.,Pledging property for a loan without giving up possession.,The ‘property as loan pawn’ act.
Hypothecation,The act of pledging property as security for a loan.,Pledging property as loan security.,The loan security promise.
Impounds,Reserves maintained by a mortgage lender to cover future expenses such as taxes and insurance.,Lender's reserves for taxes and insurance.,The tax and insurance piggy bank.
Implicit Bias,"Unconscious attitudes or stereotypes that affect our understanding, actions, and decisions.",Unconscious biases affecting decisions.,The hidden bias ninja.
Income Approach,A method of appraising property based on the income it generates.,Appraising property based on income.,The property’s money-making appraisal.
Income Tax,"A tax on income, both earned (salaries, wages) and unearned (dividends, interest).",Tax on earned and unearned income.,The ‘earnings and extras’ tax.
Injunction,A court order that stops someone from doing something.,Court order to stop doing something.,The ‘cease and desist’ order.
Interest Rate Cap,A limit on how much the interest rate can increase on an adjustable-rate mortgage.,Cap on interest rate increases.,The interest rate’s upper limit.
Interim Loan,A short-term loan used to cover immediate needs until permanent financing is available.,Short-term loan until permanent financing.,The temporary money bridge.
Interim Occupancy Agreement,An agreement that allows a buyer to take possession of a property before the sale is completed.,Agreement allowing early possession of property.,The early bird property deal.
Intestate,Dying without a legal will.,Dying without a will.,The will-less departure.
Inverse Condemnation,"A situation where government action results in property damage or devaluation, without formal condemnation proceedings.",Property damage by government without formal condemnation.,The government’s sneaky property damage.
Joint Tenancy,A form of co-ownership where the owners have equal shares and the right of survivorship.,Co-ownership where everyone owns equally and inherits if the other dies.,Equal partners in property with 'last one standing' inheritance.
Jones vs. Mayer,A landmark civil rights case that upheld Congress's power to regulate the sale of private property to prevent racial discrimination.,A case that banned racial discrimination in property sales.,The case that said 'no racism in real estate.'
Judgment Lien,A lien placed on property by a court for a debt owed by the property owner.,A court-placed lien for owed debt.,The debt collector’s property claim.
Land Contract (Conditional Installment Sales Contract),"A contract for the sale of real property in which the buyer makes payments to the seller in exchange for the right to occupy and use the property, but no deed or title is transferred until all or a specified portion of payments have been made.",A property sale where the buyer pays in installments and gets the title after full payment.,Pay-as-you-go property buying.
Landlocked,A piece of land that does not have access to public roads.,Land with no road access.,The no-road land.
Lawful Object,An essential element of a valid contract; the purpose of the contract must be legal.,A necessary legal purpose for a contract.,The contract’s must-be-legal rule.
Lease,A contract granting use or occupation of property during a specified period in exchange for a specified rent.,Renting property for a set time for a set rent.,Renting property time.
Lease Option,A lease that gives the tenant the option to purchase the property at a future date.,A lease with an option to buy the property.,Lease with a future buy option.
Lease Purchase Agreement,"A lease that also includes a purchase agreement, obligating the tenant to purchase the property.",A lease that also includes a promise to buy the property.,Lease with a must-buy deal.
Leaseback,"An arrangement in which the seller of a property leases it back from the buyer, typically used in commercial real estate.",Seller rents the property back from the buyer.,Seller turns tenant.
Legal Description,A written description of a property's boundaries.,Written property boundaries.,The property’s boundary story.
Less Than Freehold Estate,"A leasehold estate that is less than freehold, such as an estate for years or estate at will.",Temporary property interest like a lease.,The short-term property deal.
Lien,A legal claim on property as security for a debt or obligation.,A legal claim on property for debt security.,The ‘you owe me’ property claim.
Life Estate,An interest in real property that lasts for the life of a specified individual.,Property interest lasting a person’s lifetime.,The live-long property right.
Life Estate Pur Autrie Vie,A life estate measured by the life of a person other than the life tenant.,Life estate based on someone else's life.,Life estate based on another's life.
Life Tenant,The person entitled to the rights and benefits of a life estate.,Person who enjoys a life estate.,The life estate beneficiary.
Liquidated Damages,An agreed sum of money specified in a contract to be paid in case of breach by the party who breaches.,Money agreed upon in a contract for a breach.,Contract penalty cash.
Lis Pendens,A recorded notice that there is a pending lawsuit involving the title to or interest in a property.,Notice of a pending lawsuit on property title.,The lawsuit heads-up for property.
Littoral Rights,"Rights concerning properties that abut an ocean, sea, or lake.",Rights of properties next to water bodies.,The ‘by the water’ property rights.
Loan-to-Value Ratio,A ratio expressing the relationship between the amount of a mortgage loan and the appraised value of the property.,Ratio of mortgage loan to property value.,The mortgage’s value ratio.
Marginal Tax Rate,The tax rate that applies to the next dollar of taxable income.,Tax rate on the next dollar earned.,The next dollar’s tax rate.
Market Data (Comparison) Approach,A method of valuing property by comparing similar properties.,Valuing property by comparing similar ones.,The property price copycat.
Material Fact,A fact that would be likely to affect a buyer’s decision to purchase a property.,Important fact affecting a buying decision.,The deal-breaking fact.
Mechanic's Lien,A lien on property for unpaid labor or materials.,Lien for unpaid labor/materials.,The ‘you owe for work’ lien.
Mechanics’ Lien Law,The body of law governing liens placed by contractors or workers for unpaid work.,Laws about liens for unpaid work.,The builder’s lien laws.
Misrepresentation,A false statement or omission that induces a party to enter into a contract.,False info making someone sign a contract.,The sneaky contract trick.
Mortgage Yield,The return on investment from a mortgage loan.,Return on investment from a mortgage.,The mortgage’s profit.
Mortgagee,The lender in a mortgage transaction.,The lender in a mortgage.,The loan giver.
Mortgagor,The borrower in a mortgage transaction.,The borrower in a mortgage.,The loan taker.
Multi-family Residential,A residential property designed to house more than one family.,A building with multiple homes for different families.,The multi-family nest.
Multiple Listing Service (MLS),A database used by real estate brokers to share information about properties for sale.,A system where brokers share property listings.,The property-sharing club for brokers.
Mutual Consent,Agreement by all parties to the terms of a contract.,Everyone agreeing to the contract terms.,The ‘we all agree’ moment.
Negative Amortization,A situation where the loan balance increases because payments do not cover the interest due.,When your loan balance grows because payments are too low.,The loan that grows like a bad weed.
Net Lease,A lease where the tenant pays some or all of the operating expenses in addition to rent.,A lease where the tenant pays rent plus some property costs.,The rent-plus-some-expenses lease.
Net Listing,A listing agreement where the agent receives any amount over a specified price as commission.,Agent gets commission on anything above a set price.,The 'above-the-line' commission deal.
Nominal Interest Rate,"The stated interest rate on a loan, not accounting for compounding.",The basic interest rate on a loan.,The interest rate’s plain face.
Nonconforming Use,A use of property that does not comply with the current zoning laws but is allowed because it existed legally before the new laws were enacted.,A property use allowed because it was legal before new zoning laws.,The old use that’s still okay.
Notice of Default,A formal notice filed with the court by a lender indicating that a borrower is in default on a mortgage.,A notice that you’re behind on mortgage payments.,The mortgage’s wake-up call.
Novation,"The substitution of a new contract or party for an old one, with the consent of all parties involved.",Replacing an old contract with a new one.,The contract swap.
Offer and Acceptance,The process of making an offer and having it accepted to form a binding contract.,Making an offer and having it accepted.,The handshake deal.
Open Listing,"A non-exclusive listing agreement where multiple brokers can try to sell the property, and the commission goes to the broker who finds the buyer.","A listing where many brokers can sell, and the one who sells gets paid.",The open-house listing.
Option,A contract giving someone the right to buy property at a set price within a specific period.,A contract to buy property at a set price in the future.,The buy-later coupon.
Origination Fee,A fee charged by lenders to process a new loan application.,Fee for processing a loan application.,The loan application fee.
Ostensible Authority,"Authority that a third party reasonably believes an agent has, based on the agent’s actions.",Authority that others assume you have based on your actions.,The 'I thought you could' authority.
Panic Peddling,The illegal practice of scaring homeowners into selling by suggesting that the racial or ethnic composition of the neighborhood is changing.,Scaring homeowners to sell by claiming neighborhood changes.,The scare-’em-to-sell scheme.
Panic Selling,The act of selling property hastily due to fear of market decline.,Selling quickly due to fear of market drop.,The fear-fueled sale.
Partial Release Clause,A clause in a mortgage that allows for the release of a part of the property from the mortgage once certain conditions are met.,Part of the property can be released from the mortgage if conditions are met.,The partial property release deal.
Participatory Component,The involvement of participants in decision-making processes.,Getting everyone involved in decisions.,The decision-making squad.
Percentage Lease,A lease where the rent is based on a percentage of the tenant's sales.,Rent based on a percentage of sales.,The sales-based rent deal.
Periodic Tenancy,A lease that continues for successive periods until terminated by either party.,A lease that renews automatically until ended by either party.,The auto-renew lease.
Personal Property,Movable items not permanently attached to real property.,Things that can be moved and are not fixed to property.,The movable goodies.
Physical Deterioration,A reduction in property value due to wear and tear or age.,Value loss from wear and tear.,The wear-and-tear toll.
Planned Unit Development (PUD),"A planned community that combines various land uses, such as residential, commercial, and recreational.","A community with homes, shops, and parks planned together.",The mix-use planned paradise.
Plottage,The increase in property value due to the combination of multiple parcels into one.,Value increase by merging properties.,The property merge bonus.
Police Power,The authority of government to regulate private property for the public welfare.,Government’s right to regulate property for public good.,The government's property rule book.
Portfolio Loan,"A loan held by a lender in its own portfolio, rather than sold on the secondary market.",A loan the lender keeps rather than sells.,The kept-in-house loan.
Pre-Qualification,An initial evaluation of a potential borrower’s ability to qualify for a loan.,Initial check if you can get a loan.,The loan pre-check.
Prepayment Clause,A clause in a loan agreement allowing the borrower to pay off the loan early.,Paying off a loan early.,The early payoff pass.
Prepayment Penalty,A fee charged for paying off a loan early.,Fee for paying off a loan early.,The early exit fee.
Primary Mortgage Market,The market in which lenders originate loans and make funds available to borrowers.,Where banks lend money for mortgages.,The bank’s money shop.
Principle of Contribution,A principle stating that the value of a part of a property is determined by its contribution to the total value of the whole property.,A part’s value is based on its contribution to the whole.,The part’s worth in the whole deal.
Principle of Highest and Best Use,The use of a property that is most likely to produce the greatest net return over a given period.,Best use of property to get the highest return.,The property’s profit-max plan.
Principle of Progression,A principle stating that the value of a lesser property is increased by its proximity to better properties.,A lesser property gains value from better neighbors.,The fixer-upper gets a boost from the mansion next door.
Principle of Regression,A principle stating that the value of a better property is decreased by its proximity to lesser properties.,A better property loses value from lesser neighbors.,The mansion takes a hit from the fixer-upper next door.
Private Mortgage Insurance (PMI),Insurance provided by a private company to protect the lender against loss if a borrower defaults.,Insurance to protect lenders if a borrower defaults.,The lender’s safety net.
Probate Sale,The sale of a deceased person's property to pay debts and distribute assets to heirs.,Selling a deceased person's property to pay debts.,The estate sale to settle debts.
Promissory Note,A written promise to pay a specified amount of money at a specified time.,A written promise to repay a loan.,The loan IOU.
Property as Collateral,Using property to secure a loan.,Using property to back a loan.,The property-backed loan.
Property Tax,A tax levied on real estate by the local government.,Tax on real estate by the local government.,The house tax.
Puffing,Exaggerated or superlative comments or opinions.,Exaggerated statements.,The over-the-top praise.
Purchase Money Mortgage (PMM),A mortgage issued to the buyer by the seller of a home as part of the purchase transaction.,Seller financing the buyer as part of the sale.,The seller’s mortgage gift.
Quiet Title Action,A lawsuit brought to remove a cloud on the title of real property.,Lawsuit to clear property title issues.,The title-clearing lawsuit.
Quitclaim Deed,"A deed that conveys all of the grantor's interest in the property, with no warranties of title.",A deed transferring ownership without title guarantees.,The ‘no promises’ deed.
Real Property,Land and anything attached to it.,Land and things attached to it.,The land and its buddies.
Real Estate Settlement Procedures Act (RESPA),A federal law requiring lenders to provide borrowers with information on closing costs.,Law requiring disclosure of closing costs.,The closing cost tell-all law.
Reconciliation,The process of combining various estimates and data to reach a final value estimate.,Combining data to estimate property value.,The value-guess combo.
Reconveyance Deed,A document issued by a trustee reconveying title to the trustor when a debt secured by a deed of trust is paid off.,Document giving back title to the borrower when a debt is paid.,The debt-free title return.
Reduction Certificate,A statement issued by a lender detailing the remaining amount due on a loan.,Statement of remaining loan balance.,The loan balance update.
Release Clause,A clause in a contract allowing a portion of the property to be released from the contract under certain conditions.,Clause allowing part of the property to be released.,The partial property escape clause.
Reliction,"The gradual recession of water, leading to an increase in land.","Water recedes, land increases.",The water’s retreat land gain.
Rent Roll,A list of tenants and the amount of rent they pay.,List of tenants and their rent payments.,The tenant rent roster.
Request for Notice of Default,A notice filed to request notification of any default on a loan.,Request for notice of any loan default.,The default alert request.
Riparian Rights,Rights of landowners whose property is adjacent to a river or stream.,Rights of land next to rivers or streams.,The riverbank land rights.
Sale Leaseback,A transaction where the seller sells a property and then leases it back from the buyer.,Sell property and lease it back.,The sell-and-rent-back move.
Sandwich Lease,A lease where the original tenant subleases the property to a third party.,Tenant subleases to another tenant.,The tenant’s tenant deal.
Section,"A unit of land measurement used in the government survey system, typically one square mile.","Land unit, one square mile.",The land square mile.
Servient Tenement,The property that is burdened by an easement.,Property burdened by an easement.,The easement-burdened property.
Sherman Anti-Trust Act,A landmark federal statute on competition law that prohibits monopolies and activities that restrain trade.,Law against monopolies and trade restraints.,The monopoly-buster law.
Short Rate,A rate charged for insurance that is for a period shorter than the usual term.,Insurance rate for less than the usual term.,The short-term insurance rate.
Special Agent,An agent with limited authority to act on behalf of the principal for a specific transaction.,An agent with authority for a specific deal.,The limited-power dealmaker.
Special Warranty Deed,A deed in which the grantor warrants the title only against defects arising during the period of their ownership.,A deed that covers only the time the grantor owned the property.,The ‘while I owned it’ warranty deed.
Specific Lien,A lien that is attached to a specific property.,A lien attached to a particular property.,The property-specific claim.
Specific Performance,A legal remedy in which a court orders the parties to perform the contract as agreed.,Court order to perform a contract as agreed.,The ‘do what you promised’ court order.
Standard Policy of Title Insurance,A title insurance policy that covers only risks that are recorded in public records.,Title insurance covering public record risks.,The basic title insurance.
Statute of Frauds,A law requiring certain contracts to be in writing to be enforceable.,Law requiring some contracts to be written.,The ‘put it in writing’ law.
Statute of Limitations,A law that sets the maximum time period within which legal proceedings can be initiated.,Law limiting time to start legal proceedings.,The time-limit law for lawsuits.
Steering,The illegal practice of guiding prospective homeowners towards or away from certain neighborhoods based on race or ethnicity.,Illegally guiding buyers based on race.,The racial steering no-no.
Straight-line Method,A method of calculating depreciation by dividing the asset’s cost by the number of years in its useful life.,Depreciation by dividing cost by useful life.,The depreciation divide-by-years trick.
Subleases,A lease agreement in which the lessee rents out the property to another party.,A lease where the tenant rents to another.,The tenant’s tenant deal.
Subject To,A clause in a mortgage allowing the transfer of property with the mortgage staying in place.,Transfer property with mortgage still in place.,The stay-with-it mortgage transfer.
Subordination Clause,A clause in a mortgage that allows a future mortgage to take priority over an existing mortgage.,Future mortgage can take priority.,The future-first mortgage clause.
Surrender,The return of property to the owner or lessor at the end of a lease term.,Returning property to the owner at lease end.,The lease-end return.
Tax Shelter,A legal method of minimizing or decreasing an investor's taxable income.,Reducing taxable income legally.,The tax-cutting loophole.
Taxation,The process by which a government or municipal quasi-governmental body raises revenues to fund its operations.,Government raising money through taxes.,The government’s money-raising act.
Tenancy in Common,A form of co-ownership where each owner has an undivided interest in the property.,Co-ownership with undivided interest.,The shared ownership deal.
Tenant Improvement Allowance,A landlord’s allowance for the tenant to customize or improve the leased property.,Allowance for tenant improvements.,The tenant’s fix-it fund.
Testate,Dying with a legal will.,Dying with a will.,The willful departure.
Title,The legal right to ownership of property.,Legal ownership right of property.,The ownership badge.
Title Insurance,Insurance that protects against loss from defects in title to real property.,Insurance against title defects.,The title defect shield.
Title Report,A report that discloses the condition of the title and any encumbrances affecting the property.,Title condition and encumbrances report.,The title’s health check.
Trust Deed,A deed that transfers property to a trustee as security for a loan.,Deed transferring property to trustee as loan security.,The trustee’s holding deed.
Trustor,A borrower in a trust deed loan transaction.,The borrower in a trust deed.,The trust deed borrower.
Truth in Lending Act (TILA),A federal law designed to promote the informed use of consumer credit by requiring disclosures about its terms and cost.,Law requiring credit terms disclosure.,The credit terms spotlight.
Unadjusted Cost Basis,The original cost of property without adjustments for factors such as depreciation.,Original property cost without adjustments.,The starting price.
Unenforceable Contract,A contract that cannot be enforced in a court of law.,A non-enforceable contract.,The no-court contract.
Unilateral Contract,A contract in which only one party makes a promise.,One-sided promise contract.,The one-sided promise.
Void Contract,A contract that has no legal force or effect.,No legal effect contract.,The nothing contract.
Voidable Contract,A contract that can be annulled by one of the parties.,Contract that can be voided by one party.,The one-sided exit option.
Voluntary Lien,A lien that the property owner agrees to place on the property.,Agreed-upon lien by property owner.,The owner-approved lien.
Writ of Execution,A court order authorizing the enforcement of a judgment.,Court order to enforce judgment.,The judgment enforcer.
Zoning,Laws that regulate the use of land and structures built upon it.,Land use regulation laws.,The land rules.